track_id,psnr_sr,psnr_base,ssim_sr,ssim_base
track_10007,20.1100,18.3387,0.6055,0.5233
track_10011,17.8795,17.0159,0.5445,0.4774
track_10018,15.9760,15.4275,0.3515,0.3179
track_10029,15.3737,14.7170,0.4488,0.3501
track_10047,16.3793,15.3680,0.4425,0.3872
track_10052,23.4157,21.8073,0.4916,0.4398
track_10068,20.7590,19.4730,0.6194,0.5355
track_10070,17.9054,16.8151,0.5861,0.5287
track_10090,14.7463,14.0795,0.3329,0.2865
track_10100,16.7828,15.8931,0.4874,0.4229
track_10114,16.7615,15.2825,0.3023,0.2310
track_10115,18.8422,17.6738,0.5049,0.4311
track_10117,16.4035,15.3910,0.5394,0.4859
track_10123,18.0971,16.9864,0.4092,0.3521
track_10128,15.8656,15.3206,0.4062,0.3599
track_10134,21.3288,19.3892,0.6809,0.6209
track_10148,16.9323,16.0048,0.4502,0.3889
track_10153,19.6253,18.3209,0.5997,0.5296
track_10154,15.9361,15.2563,0.4488,0.3916
track_10162,16.7289,16.0021,0.4801,0.3872
track_10192,14.9615,14.0626,0.4449,0.3839
track_10197,17.6426,17.0017,0.5436,0.4989
track_10199,17.3639,15.9653,0.6093,0.5315
track_10227,20.3199,18.7438,0.6296,0.5676
track_10228,18.4873,17.0655,0.3929,0.3346
track_10253,21.1053,19.7157,0.6007,0.5659
track_10255,13.5955,12.7988,0.3115,0.2838
track_10266,17.3426,16.4043,0.5474,0.4744
track_10283,16.7250,15.8319,0.4750,0.4148
track_10300,19.6455,18.2683,0.5342,0.4612
track_10312,18.5845,17.4209,0.4620,0.4060
track_10326,20.8000,19.5000,0.6727,0.6156
track_10345,21.2615,19.3317,0.6345,0.5528
track_10368,17.3202,16.1913,0.6214,0.5553
track_10373,21.1002,19.5611,0.5461,0.4814
track_10379,19.9046,19.0714,0.4862,0.3888
track_10386,17.8776,16.5778,0.4671,0.3889
track_10414,18.1709,17.2063,0.4466,0.3955
track_10431,22.3764,21.0141,0.6378,0.5719
track_10459,19.0129,17.9268,0.5334,0.4725
track_10484,15.1329,14.2924,0.3558,0.2974
track_10486,20.4668,19.5492,0.5360,0.4944
track_10487,16.2027,14.7898,0.2674,0.2134
track_10505,17.3049,16.3334,0.4582,0.3957
track_10511,19.1920,18.2649,0.4978,0.4583
track_10517,15.5923,14.6210,0.3939,0.3237
track_10518,17.9287,17.0325,0.4270,0.3738
track_10538,20.9966,19.9280,0.5486,0.4992
track_10544,17.6548,16.2705,0.5851,0.5068
track_10552,20.5213,18.9836,0.6252,0.5679
track_10563,16.6299,15.8464,0.4057,0.3593
track_10587,21.1299,20.2102,0.6091,0.5292
track_10594,19.1521,17.9041,0.4305,0.3895
track_10600,18.7252,17.7997,0.4519,0.4104
track_10616,18.2814,16.9347,0.5643,0.4963
track_10622,17.2688,16.4756,0.4922,0.4522
track_10626,15.2581,14.4559,0.3872,0.3318
track_10656,17.1354,16.1014,0.5475,0.4895
track_10666,16.5936,14.9593,0.2414,0.1944
track_10676,17.0321,16.1996,0.5191,0.4604
track_10677,22.2422,20.9128,0.5927,0.5372
track_10686,24.0402,22.2606,0.4748,0.4297
track_10687,19.0640,18.1425,0.3846,0.3473
track_10706,25.4668,23.8933,0.6039,0.5646
track_10709,17.1025,15.9525,0.4247,0.3702
track_10722,16.9287,16.2507,0.5187,0.4686
track_10740,19.4268,18.5260,0.5289,0.4376
track_10742,21.1611,18.7579,0.3401,0.2778
track_10756,22.4821,21.0845,0.7480,0.6848
track_10797,19.5454,19.2025,0.4333,0.3781
track_10824,19.6764,18.4227,0.5258,0.4740
track_10836,14.3283,13.6856,0.3896,0.3195
track_10862,19.1571,17.7383,0.6450,0.5750
track_10868,22.1403,20.7335,0.5820,0.5189
track_10874,16.0591,15.3273,0.4188,0.3579
track_10879,14.9467,14.3062,0.4965,0.4426
track_10882,24.2658,22.7191,0.4742,0.4172
track_10884,18.2243,16.7069,0.5295,0.4853
track_10887,21.0635,19.4574,0.6691,0.6072
track_10889,20.0318,19.0627,0.4645,0.4177
track_10899,17.9545,16.9457,0.3647,0.3345
track_10919,15.7665,14.7707,0.4771,0.4210
track_10926,26.0381,24.7914,0.6708,0.6364
track_10943,18.0960,16.8534,0.4034,0.3322
track_10955,17.9666,16.8133,0.6811,0.6290
track_10986,16.2866,15.6134,0.4758,0.4264
track_10988,15.6949,14.9754,0.5393,0.4876
track_10994,16.5572,15.7761,0.4268,0.3720
track_10997,23.5764,21.0897,0.6840,0.6055
track_11036,23.5360,21.4906,0.6733,0.5991
track_11042,15.1249,14.4840,0.4466,0.3895
track_11048,17.3527,16.3786,0.5185,0.4586
track_11051,21.0253,19.9355,0.4871,0.4010
track_11056,19.8712,18.1924,0.5177,0.4472
track_11060,21.7966,20.3936,0.6589,0.5958
track_11080,19.5044,18.7788,0.4218,0.3766
track_11094,15.5390,14.5405,0.4611,0.4010
track_11107,17.6456,16.3793,0.6105,0.5355
track_11115,21.3011,20.9206,0.4315,0.3830
track_11128,15.4826,14.7242,0.3636,0.3156
track_11136,19.6580,18.6557,0.6761,0.6124
track_11162,14.7534,14.4649,0.3496,0.3081
track_11165,16.7265,15.9252,0.5249,0.4688
track_11188,19.1102,18.0134,0.4584,0.3923
track_11190,22.7224,20.8993,0.6358,0.5722
track_11191,20.3362,18.7752,0.6048,0.5417
track_11194,17.0886,15.9868,0.4097,0.3591
track_11195,19.2309,18.0907,0.3832,0.3405
track_11212,15.4050,14.9539,0.3652,0.3148
track_11242,18.1171,16.7526,0.5158,0.4382
track_11248,24.3145,23.0973,0.5976,0.5478
track_11258,20.0836,18.9841,0.5151,0.4508
track_11263,22.7178,20.3820,0.4567,0.3816
track_11279,18.1197,16.8913,0.5307,0.4535
track_11285,17.5563,16.6295,0.4785,0.3973
track_11301,14.6378,13.9561,0.3673,0.3228
track_11305,20.5888,19.1756,0.7041,0.6427
track_11328,18.6803,18.3003,0.4006,0.3457
track_11335,17.2257,16.2488,0.5597,0.4974
track_11336,18.2925,17.3858,0.3746,0.3045
track_11349,22.6063,21.0206,0.6336,0.5645
track_11378,21.5125,19.5036,0.7092,0.6556
track_11390,15.9956,15.0974,0.3458,0.2933
track_11391,17.4437,16.6749,0.4305,0.3824
track_11447,14.1938,13.7173,0.4039,0.3452
track_11481,17.4252,16.2880,0.4836,0.4373
track_11488,20.8546,19.6665,0.6402,0.5782
track_11507,18.1840,17.0303,0.5516,0.4911
track_11513,19.2375,18.1165,0.5136,0.4501
track_11530,19.8646,17.8700,0.6393,0.6032
track_11533,20.9260,19.0678,0.7223,0.6523
track_11539,19.0926,17.7532,0.5607,0.4517
track_11541,22.3976,20.6355,0.5324,0.4954
track_11609,19.6229,18.5711,0.5462,0.4733
track_11613,17.0460,16.2623,0.6143,0.5484
track_11624,17.2982,16.2448,0.4155,0.3579
track_11625,23.2466,21.5282,0.4886,0.4353
track_11669,16.0148,15.1912,0.3253,0.2772
track_11672,15.3556,14.8406,0.4705,0.4193
track_11677,16.7190,15.9576,0.3866,0.3497
track_11685,16.1292,15.6169,0.3019,0.2488
track_11702,16.6975,15.4825,0.5164,0.4449
track_11735,19.6492,18.3835,0.5754,0.5016
track_11748,19.6870,18.6408,0.4083,0.3589
track_11757,19.4854,18.4648,0.5154,0.4539
track_11765,20.9698,18.9599,0.5353,0.5082
track_11805,20.8181,18.7018,0.7632,0.6737
track_11813,18.1420,17.1768,0.4832,0.3868
track_11820,18.1503,16.7777,0.5522,0.4975
track_11835,20.7211,19.6687,0.5818,0.5286
track_11851,21.4795,20.7037,0.6862,0.6247
track_11853,17.3361,16.2726,0.3787,0.3153
track_11875,24.0377,22.3954,0.5002,0.4522
track_11887,17.9978,16.7977,0.4420,0.3864
track_11890,15.6869,14.9723,0.3800,0.3260
track_11906,19.6117,18.1153,0.5514,0.4752
track_11917,15.7827,15.0706,0.4584,0.3832
track_11937,17.1965,16.1601,0.4818,0.4066
track_11948,18.1387,16.9593,0.5483,0.4822
track_11953,20.0632,18.8705,0.5353,0.4831
track_11961,18.1266,17.1672,0.4938,0.4272
track_11965,22.1016,19.2199,0.5397,0.4958
track_11984,20.8999,19.2360,0.6614,0.5723
track_11988,21.7126,20.5540,0.4985,0.3991
track_12003,16.8806,15.8789,0.5762,0.5252
track_12005,22.9956,21.8734,0.6479,0.6199
track_12006,18.3363,17.3561,0.7234,0.6682
track_12010,17.4194,16.5165,0.3821,0.3476
track_12038,19.0467,18.2115,0.5420,0.4803
track_12051,14.6902,14.1032,0.4641,0.4106
track_12061,16.7770,16.0478,0.4099,0.3651
track_12063,19.6486,18.2605,0.4623,0.3961
track_12070,15.5077,14.7458,0.4405,0.3612
track_12079,16.3502,15.1575,0.5854,0.5031
track_12101,17.3527,16.1251,0.5091,0.4357
track_12117,14.7701,14.1707,0.4478,0.4218
track_12122,17.4642,16.6447,0.5089,0.4524
track_12133,22.1520,19.1904,0.6230,0.5413
track_12135,18.6110,17.3884,0.6563,0.5893
track_12137,24.1214,23.1623,0.5101,0.4268
track_12140,17.4922,16.1853,0.5646,0.5149
track_12146,18.4778,17.5752,0.6186,0.5635
track_12162,18.0416,17.2112,0.5834,0.5151
track_12168,17.4941,16.2813,0.3893,0.3302
track_12183,17.8424,17.1061,0.5362,0.4972
track_12194,15.0431,14.4603,0.3098,0.2835
track_12211,17.9373,17.0260,0.4218,0.3804
track_12215,16.3827,15.6238,0.4159,0.3727
track_12225,18.6753,17.6764,0.5319,0.4557
track_12233,16.8859,16.0477,0.4615,0.4239
track_12234,16.3708,15.3210,0.5222,0.4608
track_12240,16.8837,16.2146,0.4258,0.3794
track_12243,17.5885,16.4768,0.5996,0.5334
track_12247,21.4026,19.4755,0.6324,0.5776
track_12273,17.4441,16.1416,0.6586,0.5956
track_12293,17.1179,16.1251,0.4565,0.3823
track_12304,19.3709,18.5133,0.5477,0.4748
track_12336,16.2790,15.3503,0.5693,0.5084
track_12402,19.0942,17.4263,0.5963,0.5064
track_12426,18.1970,16.8432,0.5682,0.4909
track_12451,18.3177,17.2058,0.5527,0.4826
track_12470,19.7090,18.8689,0.4789,0.4426
track_12478,23.6856,21.4711,0.6432,0.5877
track_12485,16.3320,15.3423,0.4743,0.4165
track_12486,23.4174,20.1249,0.4925,0.4258
track_12513,20.7571,19.8659,0.5241,0.4699
track_12537,21.6719,19.8454,0.5647,0.5009
track_12556,17.4300,16.4359,0.3861,0.3426
track_12569,20.9338,19.2167,0.6051,0.5482
track_12593,16.7474,15.8977,0.4617,0.4107
track_12607,17.0484,16.1484,0.4919,0.4270
track_12617,14.4481,13.7832,0.3102,0.2730
track_12635,16.4203,15.7112,0.4548,0.3692
track_12672,16.6258,15.4804,0.5175,0.4475
track_12677,16.7228,15.6324,0.5360,0.4626
track_12686,16.4371,15.4407,0.5067,0.4216
track_12694,15.7594,14.9464,0.5213,0.4544
track_12697,14.4794,14.1663,0.4093,0.3719
track_12702,15.2836,14.4321,0.4662,0.4022
track_12705,15.0048,14.3346,0.3429,0.3035
track_12718,18.5302,16.7170,0.6760,0.6120
track_12733,16.1987,15.5766,0.4382,0.3742
track_12770,15.5379,14.9232,0.4319,0.3956
track_12806,14.6441,14.1063,0.3172,0.2878
track_12814,17.2416,16.1642,0.5638,0.5127
track_12826,20.4016,18.8403,0.5854,0.5120
track_12849,16.1047,15.1648,0.5109,0.4438
track_12886,17.8703,16.6488,0.4732,0.3992
track_12890,15.3192,14.7814,0.4046,0.3433
track_12925,14.6658,13.8795,0.4643,0.4227
track_12931,16.9883,16.1343,0.4227,0.3458
track_12954,16.8222,15.7587,0.5262,0.4484
track_12961,16.4895,15.5828,0.4668,0.3959
track_12962,14.5126,14.1776,0.4336,0.3966
track_12991,17.6636,16.3233,0.5441,0.4570
track_12994,15.8613,15.1538,0.4115,0.3694
track_13000,16.3398,15.2886,0.5523,0.5163
track_13002,15.3024,14.7963,0.4493,0.3996
track_13006,16.7219,15.7626,0.5493,0.4871
track_13023,17.7038,16.6555,0.4242,0.3636
track_13033,17.5506,16.3551,0.6193,0.5535
track_13053,17.4830,16.2691,0.5987,0.5444
track_13068,19.7080,18.3443,0.6477,0.5734
track_13100,14.9711,14.1899,0.4239,0.3815
track_13121,14.5244,13.9702,0.3567,0.2923
track_13122,18.4988,17.2010,0.5600,0.4972
track_13125,16.2098,15.0566,0.5539,0.4696
track_13129,16.2024,15.0587,0.5260,0.4415
track_13130,15.9105,14.9913,0.5079,0.4377
track_13131,14.4221,14.0047,0.3564,0.3276
track_13139,21.6430,19.7342,0.6401,0.5588
track_13168,14.5767,13.8736,0.3998,0.3500
track_13174,16.2996,15.2779,0.6268,0.5809
track_13191,18.7560,17.8025,0.5707,0.5041
track_13218,15.8517,15.1182,0.5070,0.4571
track_13231,14.1517,13.5280,0.3422,0.3074
track_13244,21.6560,20.0818,0.6630,0.5896
track_13259,14.3815,14.0107,0.3496,0.3024
track_13262,17.9774,17.0735,0.6514,0.5872
track_13295,13.8760,13.1931,0.3866,0.3429
track_13296,14.7605,14.2117,0.3859,0.3350
track_13329,15.3256,14.4675,0.4409,0.3802
track_13332,16.3425,15.2069,0.5140,0.4511
track_13334,15.9321,15.1991,0.4359,0.3966
track_13354,15.9669,15.1404,0.4236,0.3538
track_13384,15.7091,14.8731,0.5101,0.4587
track_13412,20.2946,19.0405,0.6139,0.5623
track_13419,16.0882,15.2109,0.5446,0.4655
track_13422,16.5163,15.5445,0.6307,0.5638
track_13473,16.2381,15.8348,0.4264,0.3822
track_13510,15.5859,14.7169,0.5288,0.4623
track_13512,15.1820,14.6145,0.4629,0.4245
track_13520,17.1497,16.1604,0.6259,0.5521
track_13526,14.6998,14.3035,0.3652,0.3258
track_13527,16.8576,16.0238,0.6376,0.5664
track_13536,16.1387,14.9850,0.3340,0.2896
track_13574,17.0668,16.3209,0.4334,0.3717
track_13584,15.6611,14.6786,0.4762,0.4039
track_13586,20.8281,18.9805,0.5504,0.4611
track_13588,16.7871,16.0216,0.3888,0.3547
track_13589,14.9514,14.2778,0.4380,0.3732
track_13592,16.4288,15.2478,0.5413,0.4741
track_13594,17.6809,16.5714,0.6403,0.5675
track_13595,19.7389,18.3127,0.5873,0.5058
track_13596,19.0736,17.9651,0.6694,0.6006
track_13600,18.0613,18.0829,0.4213,0.3769
track_13603,15.4621,14.6501,0.5013,0.4474
track_13618,16.5036,15.8012,0.4697,0.4394
track_13643,17.2625,16.1360,0.6136,0.5311
track_13645,14.8997,14.4271,0.3368,0.3014
track_13652,21.5511,20.3004,0.7171,0.6447
track_13661,14.3045,13.5674,0.3529,0.3184
track_13664,18.0992,17.2091,0.4937,0.4210
track_13670,16.7921,15.8361,0.4480,0.3898
track_13714,22.3606,20.3840,0.5631,0.4982
track_13725,17.6585,16.6822,0.5153,0.4637
track_13749,15.2859,14.6627,0.4013,0.3381
track_13769,19.5996,18.1163,0.5632,0.4924
track_13791,17.2796,16.3906,0.5969,0.5369
track_13796,15.6808,14.8284,0.4891,0.4120
track_13838,21.1541,19.3163,0.7502,0.6781
track_13843,14.6255,14.2907,0.4124,0.3677
track_13850,23.2949,22.2659,0.6248,0.5862
track_13887,16.4096,15.6719,0.4821,0.4224
track_13895,17.5498,16.6402,0.6073,0.5353
track_13901,14.5764,14.2106,0.3763,0.3250
track_13915,18.8964,17.7810,0.6676,0.5825
track_13936,14.4807,13.7883,0.3644,0.3402
track_13937,15.6709,15.0510,0.4529,0.3960
track_13942,19.9460,18.5369,0.5612,0.4749
track_13944,16.1450,15.3071,0.5170,0.4820
track_13961,17.0482,16.2043,0.4689,0.4189
track_13962,18.0659,17.0206,0.4781,0.3868
track_13977,17.6670,16.5804,0.5396,0.4768
track_13989,16.8067,16.1139,0.5796,0.5321
track_13993,17.2026,16.1822,0.5545,0.4802
track_14002,18.6888,17.6588,0.6323,0.5541
track_14010,14.5777,14.3499,0.3771,0.3432
track_14013,16.4575,15.6742,0.4656,0.4033
track_14026,16.2563,15.4740,0.5357,0.4809
track_14043,17.2277,15.9803,0.6425,0.5638
track_14045,18.9753,17.9017,0.6812,0.6155
track_14058,16.5084,15.6238,0.5876,0.5169
track_14063,14.1000,13.2185,0.3075,0.2525
track_14065,15.8612,15.0133,0.4467,0.3539
track_14090,18.5970,17.7754,0.5582,0.4772
track_14103,16.3717,15.4031,0.5861,0.5234
track_14104,16.4058,15.5444,0.3059,0.2419
track_14138,16.7719,15.7617,0.5491,0.4885
track_14141,16.3322,15.3348,0.4770,0.4003
track_14147,17.4441,16.4619,0.5107,0.4235
track_14166,15.3461,14.7589,0.4477,0.3989
track_14181,17.8596,16.6135,0.5377,0.4701
track_14183,16.5815,15.9355,0.5575,0.5038
track_14194,16.4219,15.5839,0.4255,0.3656
track_14195,16.0880,15.2189,0.5377,0.4666
track_14203,17.3000,15.8349,0.6048,0.5075
track_14204,17.7200,16.5570,0.6540,0.5875
track_14227,16.5828,15.6323,0.5082,0.4381
track_14235,15.3910,14.3745,0.3307,0.2855
track_14259,16.0373,15.4394,0.3760,0.3083
track_14295,18.5117,17.3556,0.6240,0.5401
track_14304,16.7418,15.6572,0.5646,0.5058
track_14306,14.8759,14.3189,0.2633,0.2110
track_14313,18.1313,17.0208,0.4963,0.4475
track_14330,16.1483,15.1735,0.4583,0.3909
track_14336,16.3270,15.3633,0.5154,0.4325
track_14342,15.7077,15.0743,0.4177,0.3688
track_14343,17.3441,15.9811,0.5052,0.4267
track_14355,15.6602,15.0837,0.5848,0.5325
track_14367,15.4799,14.7322,0.4040,0.3540
track_14371,15.0580,14.3648,0.4294,0.3701
track_14372,18.5101,16.9343,0.6463,0.5578
track_14380,19.1554,18.1522,0.6392,0.5787
track_14393,17.1015,15.9495,0.6575,0.5821
track_14396,14.8591,13.9925,0.3248,0.2885
track_14411,19.1884,18.2169,0.4652,0.3635
track_14421,16.3074,15.3570,0.5778,0.5032
track_14442,19.5588,17.8368,0.6050,0.5167
track_14444,19.3400,18.0897,0.4412,0.3596
track_14446,16.0927,15.0779,0.5476,0.4883
track_14466,15.2581,14.5229,0.4166,0.3625
track_14470,24.0178,22.5420,0.6324,0.5733
track_14488,18.5857,17.8885,0.4916,0.4384
track_14505,19.3385,17.8548,0.5300,0.4677
track_14506,19.8930,18.7788,0.6110,0.5465
track_14516,19.6596,18.3554,0.5079,0.4380
track_14517,18.4412,17.6572,0.4837,0.4237
track_14534,18.0165,16.7377,0.6285,0.5590
track_14539,19.8432,18.6691,0.6923,0.6217
track_14550,16.2134,15.4342,0.5926,0.5292
track_14559,14.2317,13.3547,0.3218,0.2634
track_14574,15.7432,15.0602,0.4485,0.3800
track_14582,17.2087,16.2141,0.5796,0.4964
track_14583,16.7419,15.6337,0.5627,0.4913
track_14604,14.2334,13.6226,0.2543,0.1961
track_14605,18.0534,16.7482,0.5552,0.4911
track_14614,20.9013,19.4074,0.5326,0.4529
track_14648,15.4003,14.6403,0.4660,0.3847
track_14656,15.0417,14.4915,0.4011,0.3541
track_14661,16.5227,15.3624,0.5497,0.4732
track_14668,16.7390,16.0858,0.5382,0.4810
track_14696,15.7630,15.0485,0.3603,0.3102
track_14728,14.7000,14.0243,0.4665,0.4063
track_14747,19.1914,17.8924,0.6876,0.6100
track_14779,16.4664,15.5099,0.3830,0.3072
track_14839,15.0205,14.1309,0.3617,0.3220
track_14848,15.4329,14.7076,0.5077,0.4700
track_14868,16.9234,16.0516,0.5400,0.4604
track_14895,18.3679,17.3983,0.5097,0.4555
track_14914,18.9091,18.0296,0.5299,0.4418
track_14924,12.8305,12.3736,0.2421,0.2287
track_14926,15.1959,14.6720,0.4378,0.3682
track_14938,16.4049,15.2555,0.4990,0.4447
track_14943,19.6794,18.2568,0.5836,0.5177
track_14944,18.5153,17.5252,0.4392,0.3872
track_14958,15.7044,14.7746,0.4409,0.3928
track_14971,18.0243,16.9421,0.6662,0.6002
track_14981,15.5148,14.7925,0.3359,0.2872
track_14991,14.5692,13.7902,0.3919,0.3569
track_15001,21.8131,20.4577,0.6743,0.6132
track_15009,15.3531,14.5969,0.4114,0.3537
track_15015,16.7896,15.5436,0.4383,0.3925
track_15039,16.7142,15.8004,0.5771,0.5304
track_15045,15.3037,14.4762,0.5040,0.4274
track_15063,17.0734,16.1158,0.5704,0.5052
track_15103,18.2683,17.5339,0.5642,0.4930
track_15112,14.5844,13.8593,0.3261,0.2874
track_15120,15.8135,15.1906,0.5003,0.4265
track_15148,15.7368,14.5916,0.5778,0.5058
track_15153,18.1291,16.8789,0.5839,0.5099
track_15191,16.2090,15.3216,0.4829,0.4168
track_15223,16.9382,15.8589,0.5337,0.4784
track_15233,16.9065,15.8272,0.6785,0.6168
track_15242,13.9068,13.2199,0.3535,0.2910
track_15264,16.8012,15.6250,0.4176,0.3506
track_15265,20.5809,18.7912,0.7338,0.6490
track_15266,15.3237,14.6453,0.3921,0.3497
track_15281,19.1769,17.4323,0.5426,0.4753
track_15285,16.7632,15.9410,0.5200,0.4731
track_15299,18.2305,17.4372,0.4997,0.4181
track_15314,17.3900,16.2339,0.5886,0.5262
track_15315,15.4865,14.8440,0.4509,0.3726
track_15324,15.4797,14.6574,0.3646,0.3144
track_15341,18.4484,17.7340,0.5174,0.4417
track_15345,14.7904,14.2374,0.5420,0.5137
track_15346,16.6218,15.3459,0.5696,0.4867
track_15350,17.2077,15.8947,0.5537,0.4763
track_15358,15.0989,14.2045,0.4463,0.3973
track_15371,17.3558,16.1928,0.6898,0.6300
track_15377,14.5373,13.8429,0.4260,0.3718
track_15378,14.4955,13.5729,0.3825,0.3426
track_15393,18.6689,17.3228,0.7191,0.6483
track_15395,14.2812,13.7626,0.2957,0.2678
track_15397,15.0983,14.1948,0.3923,0.3394
track_15422,15.5060,14.8626,0.5491,0.5033
track_15424,16.9805,16.0690,0.5585,0.4732
track_15426,17.4461,16.2195,0.6199,0.5524
track_15446,15.3844,14.6808,0.4700,0.3838
track_15449,13.7768,13.1812,0.3633,0.3137
track_15450,15.4510,14.9096,0.5259,0.4554
track_15456,14.8017,14.1050,0.5078,0.4724
track_15457,16.9545,15.6298,0.6180,0.5468
track_15465,15.3594,14.5275,0.4816,0.4195
track_15466,17.6871,16.3935,0.5391,0.4796
track_15488,16.6070,15.5662,0.6137,0.5451
track_15499,14.9508,14.1886,0.4396,0.3750
track_15500,13.9038,13.3111,0.3901,0.3676
track_15505,14.8440,14.1408,0.4209,0.3506
track_15515,18.4093,16.9462,0.6050,0.5328
track_15534,18.7104,17.2833,0.5570,0.4905
track_15544,17.8444,17.0059,0.6717,0.5965
track_15546,16.9547,15.6783,0.6000,0.5214
track_15587,15.5541,14.7029,0.4589,0.4078
track_15590,15.0031,14.1661,0.4020,0.3531
track_15594,19.7375,18.3932,0.6766,0.6028
track_15597,17.1932,16.3760,0.5844,0.5335
track_15600,14.4642,13.8908,0.3334,0.2820
track_15606,18.7092,17.0092,0.4252,0.3658
track_15609,19.8945,18.9832,0.4378,0.3844
track_15619,19.3029,17.9905,0.5051,0.4197
track_15622,18.2787,17.0338,0.4815,0.4111
track_15630,17.7839,17.1299,0.4694,0.4122
track_15639,21.2587,19.6237,0.4267,0.3718
track_15646,17.9786,17.1143,0.4268,0.3547
track_15648,18.5647,17.5449,0.4857,0.4176
track_15660,19.6649,18.5360,0.4952,0.4238
track_15667,20.7635,19.7145,0.7616,0.6959
track_15675,19.5655,18.3297,0.6368,0.5734
track_15688,19.0852,17.7343,0.4366,0.3764
track_15706,18.6196,17.1064,0.4219,0.3738
track_15720,26.7824,24.9356,0.7261,0.6713
track_15731,16.1155,15.5013,0.5454,0.5032
track_15739,17.9696,17.1814,0.3835,0.3014
track_15782,16.0529,14.9099,0.5068,0.4479
track_15801,16.7112,15.9766,0.4841,0.4259
track_15810,17.0515,15.9302,0.5580,0.4826
track_15816,15.4171,14.6235,0.4387,0.3794
track_15819,16.4205,15.7842,0.5022,0.4502
track_15843,15.9083,14.8678,0.4966,0.4321
track_15847,16.7523,15.9679,0.4660,0.4025
track_15867,20.3959,19.3589,0.5357,0.4630
track_15899,19.0694,18.1830,0.4234,0.3606
track_15902,22.0387,21.0770,0.7431,0.6782
track_15926,19.4970,18.3514,0.5801,0.5240
track_15949,19.2660,17.6495,0.5853,0.4934
track_15956,15.0447,14.2064,0.3683,0.3309
track_15968,22.2368,21.0037,0.6616,0.5832
track_15976,16.3626,15.7185,0.5881,0.5492
track_15996,14.8381,14.4285,0.3121,0.2730
track_16005,16.2175,14.9591,0.5148,0.4539
track_16007,15.6735,15.3112,0.4009,0.3645
track_16021,17.3243,15.9266,0.5713,0.4705
track_16044,18.5818,17.2826,0.5103,0.4293
track_16049,20.8048,20.2138,0.5334,0.4981
track_16054,15.4607,14.5527,0.3750,0.3082
track_16057,14.6299,13.8830,0.4012,0.3270
track_16058,17.9179,16.6700,0.5763,0.5047
track_16059,17.9594,17.1111,0.4263,0.3834
track_16060,24.8491,23.9175,0.7699,0.7164
track_16064,17.5165,16.1824,0.6295,0.5605
track_16104,19.9412,18.3886,0.4857,0.4332
track_16131,16.4264,15.2269,0.4328,0.3723
track_16205,20.6748,19.1273,0.6958,0.6288
track_16227,19.6408,18.4915,0.6057,0.5525
track_16228,15.8638,15.3198,0.3199,0.2759
track_16244,17.1378,15.7323,0.5411,0.4724
track_16245,20.9656,19.8561,0.5613,0.4848
track_16292,16.2009,15.2182,0.4719,0.3995
track_16305,18.5458,17.0199,0.5963,0.5272
track_16317,15.0568,14.4770,0.4883,0.4348
track_16322,17.7909,16.5992,0.4947,0.4237
track_16348,16.4642,15.5401,0.5005,0.4524
track_16351,18.6727,17.4823,0.6636,0.5936
track_16377,15.6018,15.0548,0.3881,0.3540
track_16398,18.6774,17.4453,0.5718,0.5020
track_16399,17.1735,16.0945,0.5878,0.5094
track_16405,16.9668,15.8941,0.4999,0.4433
track_16407,19.2590,18.1527,0.6292,0.5578
track_16408,16.3956,15.3806,0.4064,0.3337
track_16410,16.3548,15.4363,0.5207,0.4621
track_16413,21.1641,19.6237,0.5425,0.4474
track_16432,14.3411,13.8452,0.2847,0.2418
track_16438,15.8258,14.9474,0.4695,0.4136
track_16439,17.3517,16.6486,0.5938,0.5482
track_16444,18.8790,17.8708,0.5615,0.4687
track_16445,17.2635,16.2536,0.4995,0.4466
track_16446,15.3663,14.6307,0.4510,0.3980
track_16449,19.5068,18.0596,0.5618,0.5058
track_16467,17.8884,16.9975,0.6518,0.5904
track_16474,14.8443,14.2487,0.4254,0.3715
track_16507,15.5431,14.8138,0.4622,0.4101
track_16513,20.9410,19.9620,0.6294,0.5746
track_16517,16.4870,15.6423,0.4295,0.3855
track_16518,16.0381,15.3207,0.5142,0.4408
track_16523,15.0929,14.2643,0.3748,0.3080
track_16527,16.0056,15.0866,0.5018,0.4433
track_16557,13.7803,13.3093,0.3067,0.2558
track_16562,14.9546,14.5064,0.2962,0.2298
track_16571,18.1549,17.1153,0.4405,0.3949
track_16572,17.6427,16.8981,0.6034,0.5634
track_16580,16.2080,15.4410,0.4850,0.4140
track_16602,19.5180,18.3496,0.4921,0.4184
track_16618,18.1135,16.9132,0.4763,0.4081
track_16622,20.1173,18.7984,0.5037,0.4412
track_16648,24.0826,22.7809,0.6513,0.5893
track_16652,16.0133,15.2510,0.4383,0.3887
track_16656,16.7291,15.5771,0.5855,0.5067
track_16691,19.5742,18.4966,0.6003,0.5303
track_16700,21.2435,19.3032,0.5356,0.4410
track_16703,20.6170,19.5426,0.6442,0.5729
track_16706,17.0835,16.2664,0.3133,0.2748
track_16710,14.7674,14.1860,0.4624,0.4194
track_16715,15.0398,14.4330,0.3737,0.3160
track_16717,19.8368,18.9994,0.3773,0.3048
track_16725,18.5862,17.3968,0.4849,0.4391
track_16731,18.3148,17.0401,0.6552,0.5825
track_16736,18.0762,17.4101,0.4453,0.3648
track_16753,15.1313,14.3704,0.4024,0.3448
track_16758,16.7594,15.8288,0.5145,0.4632
track_16760,16.3528,15.3254,0.4868,0.4258
track_16783,20.5756,19.4352,0.6032,0.5322
track_16788,18.1770,17.1824,0.3918,0.3384
track_16812,17.1528,16.1572,0.5461,0.4768
track_16813,18.4941,17.1605,0.6862,0.6275
track_16831,16.0248,15.0909,0.5008,0.4350
track_16861,17.2473,16.4729,0.5586,0.4990
track_16870,14.0055,13.3032,0.3599,0.3116
track_16872,16.0493,15.1095,0.5406,0.4847
track_16901,13.8483,13.3085,0.3655,0.3154
track_16915,15.1784,14.6887,0.3276,0.2796
track_16940,17.3983,16.3847,0.4681,0.4215
track_16949,19.7187,18.5061,0.6526,0.5988
track_16967,15.3162,14.5411,0.5128,0.4348
track_16975,14.7036,14.1286,0.4509,0.4041
track_16990,15.9723,15.0436,0.4625,0.4010
track_16991,14.9886,14.2208,0.3825,0.3204
track_16997,15.9835,15.3966,0.4269,0.3607
track_17010,15.2713,14.7285,0.4509,0.3805
track_17015,15.8079,15.1041,0.5146,0.4485
track_17052,17.6364,16.1575,0.3643,0.3125
track_17062,18.3030,17.2541,0.4029,0.3410
track_17066,16.6985,15.5252,0.5441,0.4600
track_17073,14.5841,14.1726,0.3406,0.3139
track_17108,17.8257,16.8765,0.4644,0.3775
track_17116,16.3863,15.4140,0.5092,0.4525
track_17125,19.2960,18.1228,0.6546,0.5908
track_17131,22.5205,20.9642,0.6798,0.6269
track_17136,14.6230,13.9620,0.2897,0.2344
track_17145,15.8149,15.1957,0.4768,0.4306
track_17152,18.4469,17.2081,0.5500,0.4730
track_17157,20.5774,19.0585,0.5937,0.5310
track_17165,15.5816,14.7152,0.3784,0.3175
track_17172,18.4248,17.6619,0.5186,0.4404
track_17180,15.3144,14.7130,0.4536,0.3781
track_17193,14.5435,13.9065,0.4670,0.4036
track_17197,16.2189,14.9866,0.3563,0.3011
track_17199,18.3368,17.2624,0.4512,0.3867
track_17249,16.6940,15.8464,0.4701,0.4086
track_17294,16.8740,16.3139,0.3282,0.2979
track_17301,16.6896,15.9288,0.4173,0.3362
track_17333,14.8485,14.0965,0.4177,0.3548
track_17344,20.6742,19.4063,0.6760,0.6192
track_17364,19.4548,18.3817,0.5877,0.5224
track_17388,16.5283,15.6186,0.3424,0.2546
track_17411,17.4005,16.5850,0.5559,0.4923
track_17421,17.9012,16.8379,0.4841,0.4103
track_17506,16.2752,15.1905,0.5288,0.4590
track_17556,15.3872,14.5512,0.4093,0.3351
track_17566,14.6269,14.0983,0.4143,0.3562
track_17576,15.0185,14.4643,0.4540,0.3796
track_17578,14.8648,14.2197,0.4840,0.4300
track_17593,15.6371,14.6053,0.2835,0.2468
track_17618,14.2962,13.6673,0.3845,0.3370
track_17640,16.3331,15.0959,0.5566,0.4741
track_17644,13.8949,13.5387,0.3299,0.2945
track_17655,15.5183,14.7698,0.4474,0.3674
track_17660,18.2286,17.0353,0.4772,0.4044
track_17673,19.0896,18.1919,0.6225,0.5456
track_17675,17.8436,16.9053,0.5628,0.4967
track_17676,16.5924,15.7068,0.3360,0.2608
track_17712,16.7155,15.9982,0.4855,0.4204
track_17735,15.6672,14.9321,0.4512,0.3924
track_17760,20.4952,18.4820,0.6654,0.5881
track_17762,18.3092,16.8910,0.4775,0.3935
track_17769,18.8901,18.1468,0.5855,0.5042
track_17770,17.1642,16.5564,0.4426,0.3776
track_17785,14.9972,14.4477,0.4151,0.3651
track_17819,13.8058,13.0875,0.3387,0.2979
track_17833,17.0015,16.2995,0.4234,0.3672
track_17843,20.3348,18.6571,0.6172,0.5271
track_17848,15.2244,14.7664,0.3908,0.3517
track_17863,15.5758,14.9856,0.4531,0.3872
track_17868,15.2805,14.5490,0.3699,0.2990
track_17871,17.4751,16.6866,0.5904,0.5341
track_17874,16.0676,15.3637,0.5428,0.4847
track_17875,14.9782,14.1241,0.4046,0.3321
track_17879,15.2327,14.7176,0.4402,0.4036
track_17897,16.7880,15.7143,0.5178,0.4461
track_17932,18.5776,17.2095,0.5835,0.5243
track_17937,16.1547,15.4587,0.4221,0.3668
track_17941,16.0729,15.2953,0.3913,0.3506
track_17943,17.0885,16.1306,0.4416,0.3823
track_17959,23.4385,21.3992,0.6813,0.6074
track_17972,15.7687,14.9494,0.4668,0.4266
track_17985,22.7024,20.5690,0.7357,0.6446
track_18025,15.7776,15.0084,0.4522,0.3921
track_18027,14.3800,13.6548,0.4060,0.3516
track_18034,16.5241,15.8187,0.4494,0.3894
track_18045,18.8397,17.2682,0.4864,0.4277
track_18058,18.0301,16.7230,0.4669,0.3879
track_18076,23.6339,22.3221,0.7707,0.7006
track_18118,20.4842,19.9818,0.4364,0.3745
track_18132,18.8507,17.9950,0.3285,0.2719
track_18142,21.2440,20.2810,0.5268,0.4749
track_18149,24.5844,23.4289,0.4898,0.4500
track_18151,23.5558,21.6557,0.5929,0.5036
track_18157,15.4864,14.7652,0.4214,0.3725
track_18173,19.1428,17.9430,0.4649,0.3851
track_18185,19.5692,17.9749,0.6695,0.5968
track_18192,19.0359,17.6907,0.4652,0.4094
track_18204,20.6897,19.2964,0.5517,0.4794
track_18208,17.3872,16.3919,0.4779,0.4056
track_18215,20.8415,19.0339,0.4137,0.3488
track_18219,16.0378,15.1972,0.4796,0.4047
track_18237,18.0681,16.6719,0.4317,0.3914
track_18285,15.9828,14.8140,0.5226,0.4471
track_18300,17.8274,16.7000,0.7027,0.6293
track_18327,14.8228,14.3045,0.3632,0.2946
track_18329,14.7176,14.2013,0.3031,0.2575
track_18335,16.9545,15.9851,0.5671,0.5046
track_18338,14.7437,14.2727,0.3822,0.3265
track_18356,17.9109,17.1055,0.4367,0.3874
track_18360,19.0001,17.5492,0.4586,0.3991
track_18379,14.5882,13.9190,0.4174,0.3684
track_18431,18.1079,16.6077,0.7190,0.6415
track_18438,14.4368,13.8028,0.4957,0.4481
track_18441,16.5922,15.4052,0.6192,0.5338
track_18467,15.9405,15.2037,0.4377,0.3860
track_18470,14.6964,14.0045,0.4268,0.3701
track_18476,20.3369,19.1829,0.5141,0.4292
track_18480,21.2656,18.7620,0.4334,0.3578
track_18496,22.0033,19.5211,0.5499,0.4478
track_18532,23.3524,21.6799,0.8189,0.7383
track_18547,20.2498,19.7537,0.4206,0.3490
track_18566,16.1553,15.6518,0.3493,0.3045
track_18582,19.0199,18.1452,0.5280,0.4659
track_18591,19.6351,18.6957,0.4504,0.3750
track_18594,24.0548,22.1731,0.6179,0.5225
track_18616,17.3966,16.3451,0.4482,0.4078
track_18620,15.4987,14.8118,0.3735,0.3254
track_18655,17.7719,16.3944,0.7238,0.6573
track_18666,18.8317,17.7769,0.5815,0.5248
track_18682,19.8003,18.2608,0.6445,0.5583
track_18704,16.7335,15.9761,0.4219,0.3858
track_18706,16.7106,15.8309,0.4294,0.3674
track_18707,15.4040,14.8254,0.4437,0.3824
track_18733,18.7245,17.3002,0.6072,0.5359
track_18740,19.8467,18.0087,0.5365,0.4461
track_18745,22.5114,20.2656,0.8558,0.7764
track_18755,19.2858,18.6205,0.5400,0.4734
track_18761,14.1110,13.7346,0.3607,0.3163
track_18763,18.8548,17.9635,0.5208,0.4627
track_18775,14.5900,13.9420,0.4042,0.3306
track_18795,14.6516,14.1601,0.3535,0.2953
track_18798,18.0015,16.9439,0.4678,0.4225
track_18820,15.9235,14.7820,0.4270,0.3715
track_18824,19.5226,17.6854,0.5766,0.5163
track_18850,16.0444,15.1812,0.4368,0.3879
track_18893,16.3392,15.0577,0.5511,0.5063
track_18906,16.0330,15.3913,0.4051,0.3364
track_18928,18.7457,17.4887,0.6921,0.6179
track_18935,16.3845,15.4508,0.4383,0.3641
track_18939,17.4291,16.3022,0.5936,0.5322
track_18964,14.9812,14.4655,0.4234,0.3622
track_18997,13.9118,13.3940,0.3323,0.3005
track_18999,19.1211,18.0797,0.5681,0.5046
track_19027,15.2967,14.3322,0.4320,0.3799
track_19029,18.6188,17.7440,0.5294,0.4499
track_19040,14.7897,14.3786,0.4680,0.4269
track_19054,16.9660,16.2214,0.4504,0.3823
track_19071,15.4663,14.7405,0.4984,0.4378
track_19095,19.7449,18.0215,0.4142,0.3560
track_19134,19.1881,17.4457,0.5731,0.5213
track_19140,16.1893,15.1591,0.5217,0.4436
track_19161,17.0352,15.5989,0.5485,0.4973
track_19166,15.7585,15.0794,0.4690,0.3985
track_19173,18.4190,17.2313,0.6542,0.5911
track_19178,16.8435,15.9964,0.3856,0.3144
track_19201,17.6580,16.5235,0.6050,0.5377
track_19218,15.7398,15.3593,0.3657,0.3100
track_19232,16.3111,15.2650,0.2821,0.2551
track_19240,14.7806,14.1952,0.4274,0.3723
track_19256,17.3110,15.7925,0.3944,0.3349
track_19257,17.2281,16.3021,0.5657,0.4940
track_19258,14.7927,14.4406,0.4708,0.4420
track_19264,16.0365,15.2277,0.4388,0.3529
track_19276,16.5630,15.6628,0.4749,0.4215
track_19291,14.5644,13.6566,0.3368,0.2928
track_19297,15.7266,14.6579,0.5232,0.4790
track_19300,15.5374,14.6266,0.4800,0.4111
track_19307,18.6338,16.8152,0.6202,0.5425
track_19326,18.1410,17.6306,0.3843,0.3323
track_19333,17.7524,16.7200,0.6457,0.5826
track_19356,15.5942,14.8724,0.4700,0.4106
track_19391,19.5132,18.2608,0.6185,0.5731
track_19403,15.2909,14.9676,0.3496,0.3081
track_19407,15.0930,14.4392,0.3852,0.3494
track_19421,19.5203,18.3806,0.5179,0.4435
track_19435,17.2980,15.8794,0.4453,0.3808
track_19437,16.3522,15.5461,0.5530,0.4882
track_19447,15.3105,14.8291,0.4220,0.4017
track_19475,15.9112,15.2177,0.4245,0.3499
track_19484,15.6607,14.8663,0.5028,0.4458
track_19486,14.1176,13.2034,0.3475,0.3122
track_19511,19.3775,17.7103,0.5640,0.5220
track_19522,17.4395,16.2481,0.4585,0.3864
track_19525,16.4825,15.2536,0.5530,0.5110
track_19537,17.8974,16.8819,0.5422,0.4579
track_19542,22.4884,20.5168,0.6874,0.6127
track_19545,20.2958,18.9171,0.4677,0.3772
track_19577,21.3975,19.9194,0.6122,0.5413
track_19641,17.8063,16.8662,0.4921,0.3990
track_19644,13.4432,12.9727,0.3303,0.3027
track_19725,21.3565,20.1761,0.6051,0.5419
track_19727,18.2239,16.2939,0.3438,0.2904
track_19739,24.2583,22.7931,0.5881,0.5228
track_19754,17.2633,16.3466,0.4352,0.3956
track_19763,16.6750,16.1950,0.5379,0.4962
track_19766,17.0209,15.9740,0.4748,0.3950
track_19770,17.8385,16.9897,0.6055,0.5222
track_19810,17.9705,16.3876,0.3089,0.2633
track_19841,17.4856,16.8017,0.4439,0.3789
track_19848,18.4115,17.3675,0.4450,0.3846
track_19858,19.4323,18.7957,0.5506,0.5022
track_19872,18.1825,17.2760,0.5944,0.5344
track_19873,18.4074,16.9599,0.4564,0.3844
track_19883,17.7462,16.5862,0.6226,0.5437
track_19916,21.1321,19.8228,0.4951,0.4325
track_19918,16.8228,15.9699,0.4590,0.4198
track_19919,16.2380,14.9607,0.3893,0.3204
track_19923,15.7122,15.1986,0.4666,0.4180
track_19928,14.5920,14.0222,0.4478,0.3904
track_19929,16.2235,15.3962,0.5419,0.4732
track_19956,15.5516,15.0382,0.5350,0.4800
track_19959,16.3596,15.3964,0.5391,0.4746
track_19962,16.8824,16.2650,0.5741,0.5048
track_19968,16.8782,15.5975,0.3112,0.2560
track_19975,15.2092,14.7833,0.2957,0.2437
track_19981,15.3503,14.4607,0.4970,0.4346
track_20018,18.0015,17.3533,0.5006,0.4303
track_20035,16.3898,15.5476,0.5608,0.4963
track_20039,14.5208,13.7099,0.3821,0.3311
track_20048,16.9033,15.9046,0.6316,0.5716
track_20058,17.5780,16.8627,0.4754,0.4254
track_20060,15.8310,15.2929,0.3625,0.3236
track_20068,14.6940,13.7742,0.2601,0.2247
track_20082,17.8565,17.0828,0.3757,0.3329
track_20083,16.0293,15.1408,0.5243,0.4529
track_20093,17.6019,16.9250,0.6005,0.5318
track_20094,17.2243,16.6866,0.5502,0.4962
track_20121,17.5824,16.6486,0.4543,0.3878
track_20127,18.2370,17.3767,0.6504,0.5775
track_20143,14.6004,13.8491,0.3577,0.3125
track_20145,16.2186,15.7304,0.3384,0.2860
track_20166,18.6087,17.5250,0.4664,0.4185
track_20173,15.9374,15.3375,0.4752,0.4018
track_20179,16.6477,15.6358,0.6068,0.5290
track_20206,14.8480,14.1558,0.4447,0.3913
track_20209,20.3043,18.6489,0.6557,0.5803
track_20211,19.2195,18.2197,0.5007,0.4406
track_20212,17.9164,17.0964,0.4717,0.4225
track_20225,16.4485,15.0467,0.3176,0.2650
track_20246,16.7285,15.7873,0.4032,0.3292
track_20247,19.6153,18.9183,0.4940,0.4217
track_20273,16.9774,15.8934,0.5853,0.5070
track_20280,19.3418,18.7401,0.6012,0.5521
track_20289,15.4104,14.6840,0.3841,0.3319
track_20291,18.5410,17.7093,0.6110,0.5295
track_20306,15.1934,14.3873,0.3611,0.3238
track_20322,21.5501,20.7542,0.4884,0.4316
track_20332,17.1488,15.8788,0.5963,0.5141
track_20339,16.3654,15.8473,0.4923,0.4284
track_20342,19.5026,18.4179,0.6529,0.5662
track_20344,17.7172,16.7135,0.4971,0.4372
track_20367,22.8598,21.1085,0.6209,0.5536
track_20378,16.9180,16.0178,0.5582,0.4941
track_20379,16.5255,15.4838,0.5250,0.4591
track_20407,16.6230,15.3620,0.4238,0.3533
track_20430,16.7527,15.8094,0.5575,0.4821
track_20462,16.2645,15.4053,0.5690,0.5002
track_20510,16.4689,15.6337,0.5698,0.5029
track_20517,15.7124,14.8199,0.4499,0.3966
track_20518,15.6253,14.7629,0.4407,0.3853
track_20525,18.1310,16.9681,0.5470,0.4829
track_20526,17.6913,16.6180,0.5129,0.4435
track_20548,17.0216,15.9073,0.4346,0.3708
track_20558,21.1336,19.4330,0.7168,0.6752
track_20564,18.2801,17.2691,0.5043,0.4325
track_20583,15.6294,14.4563,0.4420,0.3718
track_20599,16.1949,15.0317,0.5480,0.4849
track_20601,18.5293,17.1461,0.6445,0.5768
track_20614,16.4210,15.1718,0.4745,0.4109
track_20629,16.6640,15.8303,0.5134,0.4561
track_20637,17.9105,16.4707,0.6497,0.5479
track_20644,17.0731,16.3394,0.4998,0.4071
track_20662,17.8377,16.4605,0.5790,0.5077
track_20672,15.7454,14.7881,0.4553,0.3933
track_20675,16.4900,15.2955,0.5245,0.4677
track_20694,19.1142,17.5330,0.5354,0.4514
track_20695,20.1920,18.7367,0.6384,0.5754
track_20696,19.9443,18.6691,0.5781,0.5013
track_20706,15.4384,14.6692,0.4916,0.4361
track_20719,19.4818,17.9702,0.7320,0.6551
track_20723,17.9726,16.9464,0.5409,0.4754
track_20726,14.6048,13.7984,0.3979,0.3500
track_20733,15.8285,14.8072,0.5537,0.4998
track_20735,18.6119,17.1006,0.6881,0.6106
track_20736,14.3453,13.5208,0.3474,0.2922
track_20737,20.1117,18.6552,0.6192,0.5400
track_20756,18.4900,17.2625,0.5763,0.4706
track_20791,18.1919,17.3635,0.5680,0.4763
track_20797,18.7478,17.2925,0.5135,0.4384
track_20812,16.9963,15.8020,0.4324,0.3682
track_20818,17.5055,16.2311,0.5298,0.4493
track_20823,17.7344,16.5276,0.5045,0.4395
track_20825,18.3497,17.1277,0.5923,0.5405
track_20829,16.1091,15.2035,0.4993,0.4303
track_20851,18.2286,16.8189,0.4182,0.3381
track_20879,18.6396,17.2876,0.7168,0.6443
track_20908,18.9605,17.7840,0.5377,0.4608
track_20953,17.0552,15.6612,0.4345,0.3577
track_20960,19.3888,17.6770,0.5294,0.4587
track_20980,19.5743,18.1047,0.6851,0.6195
track_21021,17.1178,15.7655,0.3804,0.3092
track_21024,17.1111,16.2238,0.4771,0.4047
track_21033,16.0682,15.1824,0.5294,0.4394
track_21045,16.1744,15.5341,0.4949,0.4169
track_21049,20.9143,19.0066,0.6366,0.5618
track_21053,15.7787,14.6927,0.4930,0.4296
track_21059,20.6140,18.9333,0.5300,0.4583
track_21064,15.5241,14.6047,0.4794,0.4233
track_21074,21.1293,19.8067,0.5489,0.4867
track_21129,19.0372,17.7871,0.5462,0.4635
track_21136,15.4606,14.5413,0.3711,0.3128
track_21175,19.6673,18.3830,0.7028,0.6318
track_21183,18.8534,17.5670,0.5693,0.4917
track_21208,15.9482,14.9538,0.3401,0.2969
track_21241,17.3056,15.5859,0.5999,0.5008
track_21257,16.1060,15.4462,0.5271,0.4861
track_21259,14.6687,13.8525,0.3506,0.3031
track_21266,18.4056,17.2740,0.5749,0.5017
track_21282,18.4283,17.3804,0.5404,0.4418
track_21329,14.4046,14.0189,0.3637,0.2995
track_21362,16.0356,15.2535,0.5352,0.5024
track_21378,15.5615,14.6503,0.4794,0.4142
track_21380,16.4916,15.4970,0.5460,0.4743
track_21398,16.5976,15.5083,0.4981,0.4309
track_21455,15.2094,14.3599,0.4553,0.4015
track_21466,15.1647,14.3836,0.4268,0.3554
track_21481,16.1770,15.2876,0.5722,0.5087
track_21484,15.9691,14.9968,0.3736,0.3323
track_21497,17.1207,16.4058,0.4677,0.4192
track_21536,23.0704,21.4557,0.7059,0.6224
track_21583,17.5620,16.1315,0.6093,0.5191
track_21608,23.1518,21.5372,0.6512,0.5772
track_21625,17.6080,16.2279,0.6226,0.5571
track_21649,16.2593,15.2084,0.5116,0.4378
track_21674,19.4332,18.1506,0.5676,0.4964
track_21694,15.2036,14.4754,0.4549,0.4133
track_21708,18.9032,17.8001,0.4278,0.3713
track_21723,20.5378,19.5921,0.5592,0.5093
track_21725,17.1483,16.3961,0.4563,0.4152
track_21728,16.1293,15.1772,0.4975,0.4387
track_21730,18.4553,17.1885,0.5327,0.4464
track_21793,16.9686,15.9187,0.5187,0.4303
track_21846,16.0301,15.0885,0.5919,0.5300
track_21864,16.5309,15.2511,0.4911,0.4183
track_21870,15.3918,14.9782,0.4081,0.3633
track_21874,20.3592,19.2005,0.6238,0.5511
track_21888,16.4729,15.3291,0.4855,0.4128
track_21891,17.4319,16.4909,0.5880,0.5333
track_21911,16.3627,15.1534,0.5824,0.5156
track_21928,17.0505,15.7253,0.5707,0.4939
track_21931,15.0560,14.4098,0.4294,0.3735
track_21999,16.6999,15.5943,0.4975,0.4379
track_22002,17.6145,16.5499,0.4856,0.4182
track_22006,17.3352,16.3391,0.5596,0.4919
track_22009,17.2190,16.3558,0.4985,0.4585
track_22018,20.3878,18.5473,0.6268,0.5391
track_22033,14.9377,14.1029,0.4569,0.4126
track_22047,19.6750,18.6253,0.4734,0.3992
track_22062,17.0480,15.8852,0.6014,0.5220
track_22064,16.2128,15.0334,0.3621,0.3232
track_22085,17.8259,16.8623,0.4394,0.3875
track_22131,18.5586,17.3716,0.6409,0.5735
track_22133,18.8365,17.3917,0.4616,0.3918
track_22136,18.4924,17.3125,0.6651,0.6093
track_22140,17.2168,15.9020,0.5947,0.5337
track_22155,16.4582,15.5026,0.5544,0.4994
track_22161,17.7368,16.8377,0.4832,0.4228
track_22188,15.2242,14.3442,0.4261,0.3742
track_22198,15.3668,14.6095,0.4485,0.3975
track_22214,22.8530,21.5532,0.6118,0.5465
track_22223,17.3879,16.5133,0.4514,0.4024
track_22256,15.3841,14.4571,0.4911,0.4227
track_22259,16.6263,15.5322,0.5264,0.4517
track_22269,15.6437,14.7810,0.4748,0.3928
track_22277,21.9382,20.2809,0.6253,0.5533
track_22314,16.9470,15.5606,0.3799,0.3249
track_22330,17.9173,17.0083,0.5008,0.4295
track_22336,16.7704,15.6197,0.6460,0.5711
track_22338,18.5471,17.2554,0.4610,0.3986
track_22339,18.8067,17.6939,0.6068,0.5347
track_22351,16.1302,15.1659,0.5667,0.5108
track_22409,16.3253,15.4513,0.5076,0.4561
track_22441,15.7621,15.2001,0.4971,0.4526
track_22442,15.4646,14.5532,0.4868,0.4366
track_22444,18.5132,17.3252,0.4506,0.3814
track_22446,17.7090,16.5419,0.5943,0.5266
track_22457,15.1672,14.3659,0.3417,0.3066
track_22481,20.7614,19.1640,0.5315,0.4670
track_22486,16.7646,15.5747,0.5454,0.4799
track_22515,16.2994,15.3899,0.5385,0.4647
track_22528,17.1801,16.6571,0.3692,0.3112
track_22533,15.2395,14.6945,0.5133,0.4783
track_22560,16.6404,16.1103,0.3252,0.2676
track_22562,13.7725,13.1376,0.3452,0.2969
track_22567,22.6197,21.1653,0.5881,0.5133
track_22570,15.0212,14.3139,0.4482,0.3976
track_22577,20.4213,18.4921,0.8119,0.7306
track_22579,15.4169,14.5821,0.4929,0.4485
track_22583,22.8154,21.2671,0.6605,0.5789
track_22591,16.0337,15.1879,0.5140,0.4414
track_22610,15.8641,15.0839,0.5063,0.4438
track_22628,17.6129,16.5006,0.6314,0.5560
track_22640,15.1783,14.4965,0.2784,0.2370
track_22645,18.2758,16.9512,0.5390,0.4703
track_22656,16.8159,15.9589,0.4334,0.3715
track_22661,16.2027,15.2658,0.5529,0.4719
track_22681,13.9846,13.7896,0.2390,0.2157
track_22698,16.1103,15.2678,0.5410,0.4742
track_22716,17.7567,17.1659,0.3675,0.2837
track_22754,14.0396,13.5010,0.2771,0.2633
track_22769,16.0449,15.4084,0.5222,0.4652
track_22786,16.4132,15.5074,0.4888,0.4414
track_22820,20.3038,18.8104,0.7376,0.6511
track_22822,15.3260,14.4277,0.5191,0.4676
track_22835,16.0403,14.9209,0.5579,0.4743
track_22844,19.5135,18.0581,0.6021,0.5180
track_22845,17.1579,16.1766,0.3894,0.3371
track_22864,16.5739,15.5701,0.5875,0.5039
track_22870,16.6923,15.7975,0.3467,0.2904
track_22885,16.5783,15.6219,0.5575,0.5101
track_22894,18.0012,16.8246,0.4462,0.3776
track_22926,17.9492,16.8895,0.5995,0.5253
track_22938,14.6622,14.2599,0.3644,0.3120
track_22953,16.5554,15.6828,0.4603,0.3916
track_22958,14.5146,14.0684,0.3852,0.3335
